matchweek,team,points_mean,points_p10,points_p90,rank_mean
1,Arsenal,2.3029,1.0,3.0,6.3606
1,Aston Villa,1.2496,0.0,3.0,10.949
1,Bournemouth,0.7829,0.0,3.0,13.3141
1,Brentford,1.6048,0.0,3.0,9.2165
1,Brighton,1.4797,0.0,3.0,9.8729
1,Chelsea,1.5363,0.0,3.0,9.6988
1,Coventry City,0.4813,0.0,1.0,15.0473
1,Crystal Palace,1.1161,0.0,3.0,11.6579
1,Everton,1.5784,0.0,3.0,9.6143
1,Fulham,1.2036,0.0,3.0,11.2551
1,Hull City,0.9654,0.0,3.0,12.4531
1,Ipswich Town,1.2853,0.0,3.0,11.0053
1,Leeds United,1.1347,0.0,3.0,11.5438
1,Liverpool,1.3917,0.0,3.0,10.2074
1,Manchester City,1.9847,0.0,3.0,7.5404
1,Manchester Utd,1.7871,0.0,3.0,8.5556
1,Newcastle Utd,1.365,0.0,3.0,10.3485
1,Nott'ham Forest,1.5907,0.0,3.0,9.451
1,Sunderland,1.4047,0.0,3.0,10.4442
1,Tottenham,1.1422,0.0,3.0,11.4642
2,Arsenal,4.0586,2.0,6.0,6.3755
2,Aston Villa,2.2082,0.0,4.0,12.0937
2,Bournemouth,2.4434,0.0,4.0,11.4404
2,Brentford,2.9068,0.0,6.0,9.8582
2,Brighton,2.5261,0.0,6.0,11.0676
2,Chelsea,3.2139,1.0,6.0,8.9736
2,Coventry City,2.053,0.0,4.0,12.8313
2,Crystal Palace,1.9925,0.0,4.0,12.8464
2,Everton,2.6281,0.0,6.0,10.8859
2,Fulham,2.422,0.0,6.0,11.4819
2,Hull City,2.1018,0.0,4.0,12.577
2,Ipswich Town,2.034,0.0,4.0,12.8289
2,Leeds United,2.5582,0.0,6.0,11.0042
2,Liverpool,3.1486,1.0,6.0,9.0842
2,Manchester City,3.8547,1.0,6.0,6.9907
2,Manchester Utd,3.8117,1.0,6.0,7.1247
2,Newcastle Utd,2.6469,0.0,6.0,10.6544
2,Nott'ham Forest,2.5874,0.0,6.0,10.9347
2,Sunderland,2.8874,0.0,6.0,10.0558
2,Tottenham,2.5978,0.0,6.0,10.8909
3,Arsenal,6.0249,3.0,9.0,5.8821
3,Aston Villa,3.8898,1.0,7.0,10.9353
3,Bournemouth,3.7254,1.0,7.0,11.406
3,Brentford,4.6104,1.0,7.0,9.2255
3,Brighton,4.1618,1.0,7.0,10.2895
3,Chelsea,3.9874,1.0,7.0,10.7081
3,Coventry City,2.542,0.0,5.0,14.5172
3,Crystal Palace,3.2402,1.0,6.0,12.6009
3,Everton,3.9492,1.0,7.0,10.8579
3,Fulham,3.8803,1.0,7.0,11.0937
3,Hull City,3.1567,0.0,7.0,12.8581
3,Ipswich Town,2.9783,0.0,6.0,13.2991
3,Leeds United,3.6467,1.0,7.0,11.5938
3,Liverpool,4.9524,2.0,9.0,8.3614
3,Manchester City,6.1779,3.0,9.0,5.5708
3,Manchester Utd,5.218,2.0,9.0,7.7698
3,Newcastle Utd,4.0999,1.0,7.0,10.4335
3,Nott'ham Forest,4.1435,1.0,7.0,10.3343
3,Sunderland,3.9019,1.0,7.0,10.9935
3,Tottenham,3.7753,1.0,7.0,11.2695
4,Arsenal,7.9553,5.0,12.0,5.5401
4,Aston Villa,5.4788,2.0,9.0,10.3991
4,Bournemouth,5.317,2.0,9.0,10.7957
4,Brentford,5.7607,2.0,9.0,9.8794
4,Brighton,5.7312,2.0,9.0,9.9183
4,Chelsea,6.0605,3.0,9.0,9.1723
4,Coventry City,3.6881,1.0,7.0,14.2804
4,Crystal Palace,4.9971,2.0,9.0,11.4963
4,Everton,5.1307,2.0,9.0,11.174
4,Fulham,4.7531,1.0,9.0,11.9887
4,Hull City,3.8552,0.0,7.0,13.8035
4,Ipswich Town,3.948,1.0,7.0,13.6683
4,Leeds United,5.0453,2.0,9.0,11.3611
4,Liverpool,6.8356,3.0,10.0,7.6768
4,Manchester City,7.8098,4.0,12.0,5.8063
4,Manchester Utd,6.3348,3.0,10.0,8.6844
4,Newcastle Utd,5.4295,2.0,9.0,10.5279
4,Nott'ham Forest,5.2819,2.0,9.0,10.8425
4,Sunderland,4.686,1.0,8.0,12.145
4,Tottenham,5.2985,2.0,9.0,10.8399
5,Arsenal,9.7714,6.0,13.0,5.4568
5,Aston Villa,6.8179,3.0,10.0,10.4553
5,Bournemouth,6.7315,3.0,11.0,10.6292
5,Brentford,7.1054,3.0,11.0,9.9923
5,Brighton,6.626,3.0,10.0,10.8165
5,Chelsea,7.4496,4.0,11.0,9.321
5,Coventry City,4.5627,1.0,8.0,14.5986
5,Crystal Palace,6.1903,2.0,10.0,11.6631
5,Everton,6.9669,3.0,11.0,10.2578
5,Fulham,5.96,2.0,10.0,12.075
5,Hull City,4.7041,1.0,9.0,14.1941
5,Ipswich Town,4.8263,1.0,9.0,14.0918
5,Leeds United,6.57,3.0,10.0,10.9521
5,Liverpool,8.161,4.0,12.0,8.1025
5,Manchester City,9.9796,6.0,13.0,5.1667
5,Manchester Utd,7.8678,4.0,12.0,8.6574
5,Newcastle Utd,7.347,3.0,12.0,9.5764
5,Nott'ham Forest,7.145,3.0,11.0,9.9077
5,Sunderland,5.2826,2.0,9.0,13.3432
5,Tottenham,6.6907,3.0,11.0,10.7425
6,Arsenal,11.9607,8.0,16.0,4.8008
6,Aston Villa,8.4324,4.0,13.0,10.0369
6,Bournemouth,7.8315,4.0,12.0,11.0374
6,Brentford,8.2351,4.0,13.0,10.4239
6,Brighton,8.0131,4.0,12.0,10.7621
6,Chelsea,9.0899,5.0,13.0,9.0034
6,Coventry City,5.7392,2.0,10.0,14.4174
6,Crystal Palace,7.5888,3.0,12.0,11.4809
6,Everton,8.5225,4.0,13.0,9.9772
6,Fulham,7.3871,3.0,12.0,11.8003
6,Hull City,5.8619,1.0,11.0,14.0796
6,Ipswich Town,6.1028,2.0,11.0,13.8169
6,Leeds United,7.1579,3.0,11.0,12.1601
6,Liverpool,9.3339,5.0,14.0,8.6124
6,Manchester City,11.5599,7.0,16.0,5.3775
6,Manchester Utd,9.6201,5.0,14.0,8.2787
6,Newcastle Utd,8.9033,4.0,13.100000000000364,9.4151
6,Nott'ham Forest,8.4541,4.0,13.0,10.0825
6,Sunderland,6.5884,3.0,10.0,13.1343
6,Tottenham,7.6984,3.0,12.0,11.3026
7,Arsenal,13.7679,10.0,18.0,4.7757
7,Aston Villa,9.6871,5.0,14.0,10.277
7,Bournemouth,9.5905,5.0,14.0,10.4283
7,Brentford,9.5915,5.0,14.0,10.4223
7,Brighton,9.6388,5.0,14.0,10.3555
7,Chelsea,10.5037,6.0,15.0,9.1006
7,Coventry City,6.6862,2.0,11.0,14.5701
7,Crystal Palace,8.679,4.0,13.0,11.7723
7,Everton,9.8208,5.0,14.0,10.1074
7,Fulham,9.1147,4.0,14.0,11.1776
7,Hull City,6.8728,2.0,13.0,14.173
7,Ipswich Town,6.5803,2.0,12.0,14.6878
7,Leeds United,8.451,4.0,13.0,12.0959
7,Liverpool,10.7305,6.0,16.0,8.7634
7,Manchester City,13.8887,9.0,18.0,4.6731
7,Manchester Utd,11.062,6.0,16.0,8.3984
7,Newcastle Utd,10.3947,5.0,16.0,9.3723
7,Nott'ham Forest,9.3616,5.0,14.0,10.7603
7,Sunderland,7.547,3.0,12.0,13.4627
7,Tottenham,9.4872,5.0,14.0,10.6263
8,Arsenal,15.8499,11.0,20.0,4.438
8,Aston Villa,10.7206,6.0,16.0,10.7147
8,Bournemouth,10.6855,6.0,16.0,10.7485
8,Brentford,11.2292,6.0,16.0,10.0851
8,Brighton,10.6383,6.0,15.0,10.8243
8,Chelsea,12.2737,7.0,17.0,8.6694
8,Coventry City,7.9999,3.0,13.0,14.3092
8,Crystal Palace,10.0751,5.0,15.0,11.5885
8,Everton,10.4775,6.0,15.0,11.0855
8,Fulham,10.5061,5.0,16.0,11.1033
8,Hull City,7.9669,2.0,14.0,14.1455
8,Ipswich Town,7.7198,3.0,13.0,14.5821
8,Leeds United,9.7635,5.0,14.0,12.0306
8,Liverpool,12.4713,7.0,18.0,8.4209
8,Manchester City,15.5987,11.0,20.0,4.7144
8,Manchester Utd,12.7084,7.0,18.0,8.2158
8,Newcastle Utd,11.7347,6.0,17.0,9.5047
8,Nott'ham Forest,10.9424,6.0,16.0,10.4643
8,Sunderland,8.9216,4.0,14.0,13.2288
8,Tottenham,10.4706,5.0,16.0,11.1264
9,Arsenal,17.506,13.0,22.0,4.511
9,Aston Villa,12.485,7.0,18.0,10.1673
9,Bournemouth,12.3773,7.0,18.0,10.338
9,Brentford,12.7805,7.0,18.0,9.8773
9,Brighton,11.3477,6.0,16.0,11.6481
9,Chelsea,13.8445,8.0,19.0,8.5374
9,Coventry City,9.3271,4.0,15.0,14.081
9,Crystal Palace,11.2338,6.0,17.0,11.7898
9,Everton,11.6302,7.0,17.0,11.2662
9,Fulham,11.4866,6.0,17.0,11.516
9,Hull City,9.4404,3.0,16.0,13.7554
9,Ipswich Town,8.953,3.0,15.0,14.446
9,Leeds United,10.8094,6.0,16.0,12.3172
9,Liverpool,13.5313,8.0,19.0,8.8861
9,Manchester City,17.6611,12.0,23.0,4.4272
9,Manchester Utd,13.8856,8.0,20.0,8.6003
9,Newcastle Utd,13.3107,7.0,20.0,9.3222
9,Nott'ham Forest,12.1271,7.0,18.0,10.6782
9,Sunderland,10.2851,6.0,15.0,13.0388
9,Tottenham,12.0463,7.0,18.0,10.7965
10,Arsenal,19.8388,15.0,25.0,4.0126
10,Aston Villa,13.6066,8.0,19.0,10.4848
10,Bournemouth,14.0156,8.0,20.0,10.0516
10,Brentford,14.0251,8.0,20.0,10.0587
10,Brighton,12.8383,8.0,18.0,11.4111
10,Chelsea,15.4346,9.0,21.0,8.4295
10,Coventry City,10.2785,4.0,17.0,14.2438
10,Crystal Palace,12.4332,7.0,18.0,11.8949
10,Everton,13.3889,8.0,19.0,10.7582
10,Fulham,12.8364,7.0,19.0,11.4573
10,Hull City,9.9054,4.0,17.0,14.4247
10,Ipswich Town,10.0318,4.0,16.0,14.4405
10,Leeds United,12.2917,7.0,18.0,12.0372
10,Liverpool,15.0655,9.0,21.0,8.8287
10,Manchester City,19.4191,14.0,25.0,4.4754
10,Manchester Utd,15.5166,9.0,22.0,8.4758
10,Newcastle Utd,14.6962,8.0,21.0,9.3869
10,Nott'ham Forest,13.106,7.0,19.0,11.0971
10,Sunderland,11.4051,6.0,17.0,13.1299
10,Tottenham,13.2985,7.0,19.0,10.9013
11,Arsenal,21.6607,16.0,27.0,3.9902
11,Aston Villa,15.3533,10.0,21.0,10.066
11,Bournemouth,15.615,9.0,22.0,9.824
11,Brentford,15.5988,9.0,22.0,9.8596
11,Brighton,14.4584,9.0,20.0,11.0726
11,Chelsea,17.2285,11.0,24.0,8.1338
11,Coventry City,11.5451,5.0,18.0,14.0952
11,Crystal Palace,13.8708,8.0,20.0,11.7355
11,Everton,14.5333,9.0,20.0,10.9877
11,Fulham,13.4446,7.0,20.0,12.2025
11,Hull City,11.0098,4.0,19.0,14.4043
11,Ipswich Town,10.9504,4.0,18.0,14.6132
11,Leeds United,13.2378,8.0,19.0,12.4021
11,Liverpool,16.6767,10.0,23.0,8.6645
11,Manchester City,21.605,16.0,27.0,4.1663
11,Manchester Utd,16.6643,10.0,24.0,8.8241
11,Newcastle Utd,15.6145,8.0,23.0,9.8895
11,Nott'ham Forest,14.2386,8.0,20.0,11.3041
11,Sunderland,12.3808,7.0,18.0,13.3792
11,Tottenham,15.1306,9.0,21.0,10.3856
12,Arsenal,23.2423,17.0,29.0,4.0759
12,Aston Villa,16.9841,11.0,23.0,9.8558
12,Bournemouth,17.0309,10.0,24.0,9.8281
12,Brentford,16.6778,10.0,23.0,10.2023
12,Brighton,15.9586,10.0,22.0,10.9065
12,Chelsea,18.6149,12.0,25.0,8.2791
12,Coventry City,12.5151,6.0,20.0,14.2731
12,Crystal Palace,15.6529,9.0,22.0,11.2739
12,Everton,15.8229,10.0,22.0,11.0668
12,Fulham,14.7465,8.0,22.0,12.1773
12,Hull City,11.9552,4.0,20.0,14.5393
12,Ipswich Town,12.0466,5.0,20.0,14.6333
12,Leeds United,15.0001,9.0,21.0,11.9308
12,Liverpool,18.1016,11.0,25.0,8.7099
12,Manchester City,22.7228,16.0,29.0,4.571
12,Manchester Utd,18.3433,11.0,26.0,8.6329
12,Newcastle Utd,16.8474,9.0,24.0,10.0742
12,Nott'ham Forest,15.5803,9.0,22.0,11.2992
12,Sunderland,13.7295,8.0,20.0,13.2632
12,Tottenham,16.4901,10.0,23.0,10.4074
13,Arsenal,25.0571,19.0,31.0,4.0594
13,Aston Villa,18.6133,12.0,25.0,9.6118
13,Bournemouth,18.6237,12.0,26.0,9.6473
13,Brentford,17.5935,11.0,25.0,10.6227
13,Brighton,17.0933,11.0,23.0,11.1013
13,Chelsea,20.4259,13.0,27.0,7.9861
13,Coventry City,14.0449,7.0,22.0,13.9281
13,Crystal Palace,16.5915,10.0,23.0,11.6347
13,Everton,16.9133,11.0,23.0,11.2756
13,Fulham,15.8488,9.0,23.0,12.3078
13,Hull City,13.0821,5.0,22.0,14.4746
13,Ipswich Town,13.2188,6.0,21.0,14.5664
13,Leeds United,15.6243,10.0,22.0,12.5689
13,Liverpool,20.0068,13.0,27.0,8.3131
13,Manchester City,24.8791,18.0,31.0,4.3095
13,Manchester Utd,19.6951,12.0,28.0,8.7587
13,Newcastle Utd,18.2484,10.0,26.0,10.0676
13,Nott'ham Forest,17.1836,10.0,24.0,11.0071
13,Sunderland,14.5766,9.0,21.0,13.6105
13,Tottenham,18.1231,11.0,25.0,10.1488
14,Arsenal,26.9254,21.0,33.0,4.0034
14,Aston Villa,20.3125,14.0,27.0,9.3531
14,Bournemouth,20.5992,13.0,28.0,9.1586
14,Brentford,18.6103,12.0,26.0,10.9329
14,Brighton,18.3209,12.0,25.0,11.2189
14,Chelsea,21.9503,15.0,29.0,7.9832
14,Coventry City,14.8497,7.0,23.0,14.1931
14,Crystal Palace,17.6256,11.0,25.0,11.8799
14,Everton,18.5205,12.0,25.0,11.0129
14,Fulham,16.9517,9.0,25.0,12.4272
14,Hull City,13.8612,5.0,23.0,14.7026
14,Ipswich Town,14.1309,6.0,23.0,14.6958
14,Leeds United,17.4355,11.0,24.0,12.0766
14,Liverpool,21.2306,14.0,29.0,8.5584
14,Manchester City,26.6084,20.0,33.0,4.3394
14,Manchester Utd,21.66,13.0,30.0,8.3627
14,Newcastle Utd,19.9677,12.0,28.0,9.8177
14,Nott'ham Forest,18.6719,12.0,26.0,10.8819
14,Sunderland,15.5813,9.0,22.0,13.7885
14,Tottenham,18.9894,12.0,26.0,10.6132
15,Arsenal,28.9573,22.0,35.0,3.8559
15,Aston Villa,21.8876,15.0,29.0,9.2105
15,Bournemouth,21.3132,14.0,29.0,9.7541
15,Brentford,20.0082,13.0,28.0,10.8868
15,Brighton,19.8358,13.0,27.0,11.035
15,Chelsea,22.7982,15.0,30.0,8.5184
15,Coventry City,16.0045,8.0,25.0,14.1777
15,Crystal Palace,18.8512,12.0,26.0,11.925
15,Everton,19.7102,13.0,27.0,11.1378
15,Fulham,18.289,10.0,27.0,12.3499
15,Hull City,15.0208,6.0,25.0,14.6132
15,Ipswich Town,15.256,7.0,24.0,14.6391
15,Leeds United,18.3751,12.0,25.0,12.3933
15,Liverpool,23.0477,15.0,31.0,8.2853
15,Manchester City,28.5234,21.0,36.0,4.263
15,Manchester Utd,23.1718,14.0,32.0,8.3511
15,Newcastle Utd,21.5818,13.0,31.0,9.643
15,Nott'ham Forest,20.0633,13.0,28.0,10.8333
15,Sunderland,16.8824,11.0,24.0,13.6827
15,Tottenham,20.5654,13.0,28.0,10.4449
16,Arsenal,30.9342,24.0,38.0,3.7406
16,Aston Villa,22.9679,16.0,30.0,9.526
16,Bournemouth,23.2228,15.0,31.0,9.3687
16,Brentford,21.5457,14.0,30.0,10.7168
16,Brighton,21.6961,15.0,29.0,10.6177
16,Chelsea,24.4572,16.0,33.0,8.3825
16,Coventry City,16.8479,8.0,26.0,14.3748
16,Crystal Palace,20.1339,13.0,28.0,11.9481
16,Everton,20.8924,14.0,28.0,11.2912
16,Fulham,19.4358,11.0,28.0,12.4358
16,Hull City,15.5011,6.0,26.0,15.0137
16,Ipswich Town,16.1383,8.0,25.0,14.7681
16,Leeds United,19.9563,13.0,27.0,12.1211
16,Liverpool,24.8348,16.0,33.0,8.065
16,Manchester City,30.8547,23.0,38.0,3.9426
16,Manchester Utd,23.943,15.0,33.0,8.9046
16,Newcastle Utd,22.7983,13.0,32.0,9.827
16,Nott'ham Forest,21.5911,14.0,29.0,10.6896
16,Sunderland,18.2929,12.0,25.0,13.4952
16,Tottenham,21.541,14.0,30.0,10.7709
17,Arsenal,32.8359,26.0,40.0,3.6856
17,Aston Villa,24.6542,17.0,32.0,9.3299
17,Bournemouth,24.536,16.0,33.0,9.4593
17,Brentford,23.1717,15.0,32.0,10.5133
17,Brighton,23.0695,16.0,30.0,10.5898
17,Chelsea,26.1821,18.0,35.0,8.2058
17,Coventry City,17.8582,9.0,27.0,14.4283
17,Crystal Palace,20.9565,13.0,29.0,12.2894
17,Everton,22.5202,15.0,30.0,11.05
17,Fulham,20.7882,12.0,30.0,12.3448
17,Hull City,16.4349,6.0,27.0,15.0785
17,Ipswich Town,17.2378,8.0,27.0,14.7698
17,Leeds United,21.0012,14.0,28.0,12.294
17,Liverpool,26.6488,18.0,35.0,7.8435
17,Manchester City,32.5966,24.0,40.0,3.9936
17,Manchester Utd,25.6355,16.0,35.0,8.7473
17,Newcastle Utd,23.8142,14.0,34.0,10.1056
17,Nott'ham Forest,22.6491,14.0,31.0,10.9424
17,Sunderland,19.3555,12.0,27.0,13.6057
17,Tottenham,22.9688,15.0,31.0,10.7234
18,Arsenal,34.7832,27.0,42.0,3.6134
18,Aston Villa,26.0408,18.0,34.0,9.3447
18,Bournemouth,25.9487,17.0,35.0,9.4818
18,Brentford,24.7639,16.0,34.0,10.3567
18,Brighton,24.3373,17.0,32.0,10.6471
18,Chelsea,27.9266,19.0,37.0,8.0276
18,Coventry City,18.9938,10.0,29.0,14.4024
18,Crystal Palace,22.2666,14.0,31.0,12.2461
18,Everton,23.4832,16.0,31.0,11.3117
18,Fulham,21.5751,12.0,31.0,12.6821
18,Hull City,17.6414,7.0,29.0,14.9788
18,Ipswich Town,18.2317,9.0,29.0,14.8183
18,Leeds United,22.5071,15.0,30.0,12.1184
18,Liverpool,28.0102,19.0,37.0,7.9742
18,Manchester City,34.3672,26.0,43.0,4.004
18,Manchester Utd,27.4662,18.0,37.0,8.5097
18,Newcastle Utd,25.3551,15.0,36.0,9.9971
18,Nott'ham Forest,23.8615,15.0,32.0,11.0297
18,Sunderland,20.2505,13.0,28.0,13.8181
18,Tottenham,24.4307,16.0,33.0,10.6381
19,Arsenal,37.1265,30.0,45.0,3.3886
19,Aston Villa,27.2485,19.0,35.0,9.5089
19,Bournemouth,27.4705,18.0,37.0,9.4067
19,Brentford,26.4165,17.0,35.0,10.1392
19,Brighton,25.7184,18.0,34.0,10.6482
19,Chelsea,29.6064,20.0,39.0,7.9307
19,Coventry City,19.7167,10.0,30.0,14.6211
19,Crystal Palace,23.342,15.0,32.0,12.3841
19,Everton,24.7327,17.0,33.0,11.3651
19,Fulham,22.6368,13.0,33.0,12.7884
19,Hull City,18.6502,8.0,31.0,14.9789
19,Ipswich Town,18.6865,9.0,29.0,15.1881
19,Leeds United,23.9546,16.0,32.0,11.9835
19,Liverpool,30.063,21.0,39.0,7.6145
19,Manchester City,36.4918,28.0,45.0,3.8769
19,Manchester Utd,28.8278,18.0,39.0,8.6008
19,Newcastle Utd,26.4328,16.0,37.0,10.2106
19,Nott'ham Forest,25.5259,17.0,34.0,10.7736
19,Sunderland,21.9484,15.0,30.0,13.47
19,Tottenham,25.0892,16.0,34.0,11.1221
20,Arsenal,39.2412,31.0,47.0,3.2542
20,Aston Villa,28.5617,20.0,37.0,9.5616
20,Bournemouth,28.7309,20.0,38.0,9.524
20,Brentford,27.0732,18.0,36.0,10.6309
20,Brighton,27.1813,19.0,35.0,10.5503
20,Chelsea,31.0915,22.0,41.0,7.9393
20,Coventry City,20.9857,11.0,32.0,14.5282
20,Crystal Palace,24.5802,16.0,34.0,12.3865
20,Everton,26.1269,18.0,34.0,11.3041
20,Fulham,24.0379,14.0,35.0,12.6689
20,Hull City,19.5184,8.0,32.0,15.0818
20,Ipswich Town,20.1235,10.0,31.0,14.9635
20,Leeds United,24.8583,17.0,33.0,12.2523
20,Liverpool,31.6532,22.0,41.0,7.5741
20,Manchester City,38.3306,29.0,47.0,3.8511
20,Manchester Utd,30.5235,20.0,41.0,8.4588
20,Newcastle Utd,27.4997,17.0,39.0,10.4151
20,Nott'ham Forest,27.3979,18.0,37.0,10.4179
20,Sunderland,23.0799,15.0,31.0,13.4998
20,Tottenham,26.4132,17.0,36.0,11.1376
21,Arsenal,41.3654,33.0,49.0,3.1687
21,Aston Villa,30.0135,21.0,39.0,9.5365
21,Bournemouth,30.6887,21.0,40.0,9.1748
21,Brentford,28.6176,19.0,38.0,10.486
21,Brighton,28.3741,20.0,37.0,10.6774
21,Chelsea,32.9455,23.0,43.0,7.7493
21,Coventry City,22.1985,12.0,34.0,14.4468
21,Crystal Palace,25.4819,16.0,35.0,12.5931
21,Everton,27.6118,19.0,36.0,11.2004
21,Fulham,25.0876,14.0,36.0,12.7718
21,Hull City,20.154,8.0,33.0,15.2674
21,Ipswich Town,20.9179,10.0,32.0,15.0836
21,Leeds United,26.0421,18.0,34.0,12.3081
21,Liverpool,33.5065,23.0,43.0,7.402
21,Manchester City,40.394,31.0,50.0,3.7801
21,Manchester Utd,31.8124,20.0,43.0,8.6045
21,Newcastle Utd,29.2007,18.0,41.0,10.2347
21,Nott'ham Forest,28.1092,19.0,38.0,10.8446
21,Sunderland,23.9622,16.0,32.0,13.682
21,Tottenham,27.9636,18.0,38.0,10.9882
22,Arsenal,43.4571,35.0,52.0,3.0684
22,Aston Villa,31.4331,23.0,40.0,9.529
22,Bournemouth,31.9429,22.0,42.0,9.2828
22,Brentford,29.8788,20.0,40.0,10.5472
22,Brighton,29.3797,21.0,38.0,10.8992
22,Chelsea,34.4285,24.0,45.0,7.7465
22,Coventry City,23.2962,12.0,35.0,14.4661
22,Crystal Palace,26.9235,17.0,37.0,12.4646
22,Everton,29.0647,20.0,38.0,11.1121
22,Fulham,26.3962,15.0,38.0,12.7206
22,Hull City,21.3653,9.0,35.0,15.2026
22,Ipswich Town,22.4247,11.0,34.0,14.8736
22,Leeds United,27.2779,19.0,36.0,12.3315
22,Liverpool,34.7491,24.0,45.0,7.5555
22,Manchester City,42.1307,32.0,52.0,3.7911
22,Manchester Utd,33.3283,21.0,45.0,8.5806
22,Newcastle Utd,29.8788,18.0,42.0,10.6085
22,Nott'ham Forest,29.5779,20.0,39.0,10.7619
22,Sunderland,25.5558,17.0,34.0,13.4377
22,Tottenham,29.2468,19.0,39.0,11.0205
23,Arsenal,44.7708,36.0,53.0,3.2291
23,Aston Villa,33.3587,24.0,43.0,9.2094
23,Bournemouth,33.6432,23.0,44.0,9.1264
23,Brentford,31.2944,21.0,42.0,10.5288
23,Brighton,30.5858,22.0,40.0,11.0097
23,Chelsea,36.1532,26.0,47.0,7.6326
23,Coventry City,24.5335,13.0,37.0,14.4225
23,Crystal Palace,28.4177,19.0,39.0,12.351
23,Everton,30.0632,21.0,39.0,11.3406
23,Fulham,27.4311,16.0,39.0,12.8355
23,Hull City,22.588,10.0,37.0,15.1186
23,Ipswich Town,23.2565,12.0,36.0,15.0066
23,Leeds United,28.7558,20.0,38.0,12.2247
23,Liverpool,36.4943,26.0,47.0,7.4548
23,Manchester City,43.5107,34.0,53.0,3.9364
23,Manchester Utd,34.6527,22.0,47.0,8.6902
23,Newcastle Utd,31.4164,19.0,44.0,10.5068
23,Nott'ham Forest,30.603,21.0,41.0,10.9909
23,Sunderland,26.6109,18.0,35.0,13.5522
23,Tottenham,30.9106,21.0,41.0,10.8332
24,Arsenal,46.7353,38.0,55.0,3.1686
24,Aston Villa,34.7904,25.0,44.0,9.2308
24,Bournemouth,35.0233,24.0,46.0,9.1672
24,Brentford,32.5484,22.0,43.0,10.6004
24,Brighton,32.4725,23.0,42.0,10.668
24,Chelsea,37.3828,26.0,48.0,7.7981
24,Coventry City,25.542,14.0,38.0,14.49
24,Crystal Palace,30.1348,20.0,41.0,12.1004
24,Everton,31.5244,22.0,41.0,11.272
24,Fulham,28.3018,17.0,40.0,13.0273
24,Hull City,23.4472,10.0,38.0,15.2098
24,Ipswich Town,24.4238,12.0,37.0,14.9476
24,Leeds United,30.1014,21.0,39.0,12.1804
24,Liverpool,37.2918,26.0,48.0,7.8474
24,Manchester City,45.3894,35.0,56.0,3.9064
24,Manchester Utd,36.1811,23.0,49.0,8.6616
24,Newcastle Utd,32.6787,20.0,46.0,10.5846
24,Nott'ham Forest,32.0874,22.0,43.0,10.913
24,Sunderland,27.8866,19.0,37.0,13.513
24,Tottenham,32.4697,22.0,43.0,10.7134
25,Arsenal,48.8216,40.0,58.0,3.0958
25,Aston Villa,36.3094,27.0,46.0,9.1673
25,Bournemouth,36.2486,25.0,47.0,9.2906
25,Brentford,33.8934,23.0,45.0,10.6339
25,Brighton,33.5414,24.0,43.0,10.8464
25,Chelsea,38.7486,28.0,50.0,7.89
25,Coventry City,26.57,14.0,40.0,14.5033
25,Crystal Palace,31.5182,21.0,43.0,12.0253
25,Everton,33.0555,24.0,43.0,11.1351
25,Fulham,29.6527,17.0,42.0,12.9363
25,Hull City,24.7275,11.0,40.0,15.0862
25,Ipswich Town,25.0854,13.0,38.0,15.1465
25,Leeds United,31.2722,22.0,41.0,12.2395
25,Liverpool,39.005,28.0,50.0,7.7463
25,Manchester City,47.2105,36.0,58.0,3.9054
25,Manchester Utd,37.8566,25.0,51.0,8.5505
25,Newcastle Utd,34.0625,21.0,47.0,10.569
25,Nott'ham Forest,33.4581,23.0,44.0,10.8866
25,Sunderland,29.3016,20.0,38.0,13.3979
25,Tottenham,33.4043,23.0,45.0,10.9481
26,Arsenal,51.017,42.0,60.0,3.0134
26,Aston Villa,37.6721,28.0,48.0,9.2418
26,Bournemouth,37.9538,27.0,49.0,9.1635
26,Brentford,35.7628,24.0,47.0,10.3366
26,Brighton,35.1512,25.0,45.0,10.6887
26,Chelsea,40.7942,29.0,52.0,7.628
26,Coventry City,27.4533,15.0,41.0,14.5888
26,Crystal Palace,32.5496,22.0,44.0,12.1377
26,Everton,34.3958,25.0,44.0,11.1296
26,Fulham,30.2326,18.0,43.0,13.2697
26,Hull City,25.4494,11.0,41.0,15.1999
26,Ipswich Town,25.8137,13.0,40.0,15.2768
26,Leeds United,32.637,23.0,42.0,12.1758
26,Liverpool,41.0733,29.0,53.0,7.4748
26,Manchester City,49.2753,38.0,60.0,3.8456
26,Manchester Utd,39.2187,25.0,53.0,8.6362
26,Newcastle Utd,34.7893,21.0,48.0,10.9097
26,Nott'ham Forest,34.8355,24.0,46.0,10.8863
26,Sunderland,30.6488,21.0,40.0,13.315
26,Tottenham,34.5377,23.0,46.0,11.0821
27,Arsenal,52.6977,43.0,62.0,3.0469
27,Aston Villa,39.0995,29.0,50.0,9.2403
27,Bournemouth,39.5671,28.0,51.0,9.1032
27,Brentford,36.9821,25.0,49.0,10.4294
27,Brighton,36.7443,27.0,47.0,10.5617
27,Chelsea,42.1136,30.0,54.0,7.7374
27,Coventry City,28.565,15.0,42.0,14.5762
27,Crystal Palace,34.1193,23.0,46.0,12.0131
27,Everton,35.8815,26.0,46.0,11.054
27,Fulham,31.6627,19.0,45.0,13.1584
27,Hull City,26.1335,11.0,42.0,15.3348
27,Ipswich Town,26.9388,14.0,41.0,15.2407
27,Leeds United,33.921,24.0,44.0,12.1816
27,Liverpool,42.535,30.0,54.0,7.5268
27,Manchester City,51.3649,40.0,63.0,3.7317
27,Manchester Utd,40.2634,26.0,55.0,8.8502
27,Newcastle Utd,36.3215,22.0,51.0,10.8084
27,Nott'ham Forest,36.0569,25.0,48.0,10.9498
27,Sunderland,31.7961,22.0,42.0,13.3522
27,Tottenham,35.8311,24.0,48.0,11.1032
28,Arsenal,54.8685,45.0,64.0,2.9828
28,Aston Villa,40.1836,29.0,51.0,9.4198
28,Bournemouth,41.2245,29.0,53.0,9.0092
28,Brentford,38.8989,27.0,51.0,10.142
28,Brighton,38.435,28.0,49.0,10.3856
28,Chelsea,44.1164,32.0,56.0,7.5135
28,Coventry City,29.3249,16.0,44.0,14.7144
28,Crystal Palace,34.7169,23.0,47.0,12.3666
28,Everton,36.5769,26.0,47.0,11.3996
28,Fulham,32.7102,19.0,47.0,13.2347
28,Hull City,27.0505,12.0,44.0,15.3473
28,Ipswich Town,27.7762,14.0,42.100000000000364,15.3061
28,Leeds United,35.7482,26.0,46.0,11.8949
28,Liverpool,44.2149,32.0,56.0,7.4687
28,Manchester City,53.4343,42.0,65.0,3.666
28,Manchester Utd,41.8,27.0,57.0,8.8319
28,Newcastle Utd,37.5641,23.0,52.0,10.8646
28,Nott'ham Forest,37.5638,26.0,50.0,10.8772
28,Sunderland,32.9814,23.0,43.0,13.3566
28,Tottenham,36.9236,25.0,49.0,11.2185
29,Arsenal,56.5544,46.0,66.0,3.041
29,Aston Villa,42.162,31.0,53.0,9.1456
29,Bournemouth,42.8259,30.0,55.0,8.9478
29,Brentford,40.2915,28.0,53.0,10.1611
29,Brighton,39.7602,29.0,50.0,10.425
29,Chelsea,45.1525,33.0,58.0,7.7435
29,Coventry City,30.0406,16.0,45.0,14.8772
29,Crystal Palace,36.2774,24.0,49.0,12.2122
29,Everton,37.6189,27.0,48.0,11.5525
29,Fulham,33.8786,20.0,48.0,13.2512
29,Hull City,27.8478,12.0,45.0,15.415
29,Ipswich Town,28.4892,14.0,44.0,15.4373
29,Leeds United,37.1499,27.0,48.0,11.8427
29,Liverpool,46.2857,33.0,59.0,7.2433
29,Manchester City,55.4964,43.0,67.0,3.6048
29,Manchester Utd,43.4993,29.0,59.0,8.741
29,Newcastle Utd,38.7215,24.0,54.0,10.9629
29,Nott'ham Forest,38.8118,27.0,51.0,10.9393
29,Sunderland,34.3089,24.0,45.0,13.2984
29,Tottenham,38.4143,26.0,51.0,11.1582
30,Arsenal,58.7462,49.0,69.0,2.9429
30,Aston Villa,43.4545,32.0,55.0,9.2115
30,Bournemouth,44.1072,31.0,57.0,9.0162
30,Brentford,41.7561,29.0,55.0,10.1313
30,Brighton,41.5959,31.0,53.0,10.1871
30,Chelsea,46.9125,34.0,60.0,7.654
30,Coventry City,30.9409,17.0,46.0,14.9401
30,Crystal Palace,37.7546,26.0,50.0,12.1128
30,Everton,39.1521,28.0,50.0,11.4256
30,Fulham,35.0489,21.0,50.0,13.2531
30,Hull City,28.8335,12.0,47.0,15.4146
30,Ipswich Town,29.7276,15.0,45.0,15.349
30,Leeds United,38.2737,28.0,49.0,11.9376
30,Liverpool,47.8718,35.0,61.0,7.2354
30,Manchester City,57.4275,45.0,70.0,3.5867
30,Manchester Utd,44.3432,29.0,60.0,9.008
30,Newcastle Utd,40.3397,25.0,56.0,10.8481
30,Nott'ham Forest,40.2525,28.0,53.0,10.8907
30,Sunderland,34.8795,25.0,45.0,13.622
30,Tottenham,39.6007,27.0,52.0,11.2333
31,Arsenal,60.8055,50.0,71.0,2.8955
31,Aston Villa,44.9969,33.0,56.0,9.1631
31,Bournemouth,45.1493,32.0,58.0,9.2134
31,Brentford,43.0495,30.0,56.0,10.1809
31,Brighton,42.787,32.0,54.0,10.294
31,Chelsea,48.754,36.0,62.0,7.5227
31,Coventry City,31.6298,17.0,47.0,15.095
31,Crystal Palace,39.191,27.0,52.0,12.0381
31,Everton,40.4316,30.0,52.0,11.45
31,Fulham,35.9613,21.0,51.0,13.375
31,Hull City,29.5705,13.0,48.0,15.5049
31,Ipswich Town,30.738,16.0,47.0,15.3625
31,Leeds United,39.7132,29.0,51.0,11.8684
31,Liverpool,49.6271,36.0,63.0,7.1645
31,Manchester City,59.1278,46.0,72.0,3.6343
31,Manchester Utd,46.3876,31.0,62.0,8.7653
31,Newcastle Utd,41.3657,26.0,58.0,10.9862
31,Nott'ham Forest,41.5405,29.0,55.0,10.9193
31,Sunderland,36.5832,26.0,47.0,13.3869
31,Tottenham,41.0525,28.0,54.0,11.18
32,Arsenal,62.8628,52.0,74.0,2.8545
32,Aston Villa,45.7027,34.0,57.0,9.4959
32,Bournemouth,46.4786,33.0,60.0,9.2372
32,Brentford,44.6752,31.0,58.0,10.0577
32,Brighton,44.1992,33.0,55.0,10.2473
32,Chelsea,50.0879,37.0,64.0,7.6037
32,Coventry City,32.916,18.0,49.0,15.0282
32,Crystal Palace,39.828,27.0,53.0,12.3278
32,Everton,41.8164,31.0,53.0,11.4078
32,Fulham,37.4767,22.0,53.0,13.2252
32,Hull City,30.9944,14.0,50.0,15.3632
32,Ipswich Town,31.7501,16.0,48.0,15.3749
32,Leeds United,40.8262,30.0,52.0,11.9402
32,Liverpool,51.0338,37.0,65.0,7.2258
32,Manchester City,61.2753,48.0,74.0,3.5418
32,Manchester Utd,48.1266,32.0,65.0,8.6414
32,Newcastle Utd,42.9796,27.0,60.0,10.861
32,Nott'ham Forest,42.8788,30.0,56.0,10.9046
32,Sunderland,37.7758,27.0,49.0,13.4046
32,Tottenham,42.1999,29.0,56.0,11.2572
33,Arsenal,64.592,54.0,75.0,2.891
33,Aston Villa,47.613,36.0,60.0,9.2852
33,Bournemouth,47.4722,34.0,61.0,9.4544
33,Brentford,46.3835,33.0,60.0,9.9291
33,Brighton,45.4616,34.0,57.0,10.3101
33,Chelsea,51.2218,37.0,65.0,7.7761
33,Coventry City,33.7604,19.0,50.0,15.1215
33,Crystal Palace,40.7987,28.0,54.0,12.4755
33,Everton,43.266,32.0,55.0,11.3573
33,Fulham,38.5241,23.0,55.0,13.2897
33,Hull City,31.8957,14.0,51.0,15.3966
33,Ipswich Town,32.6004,17.0,50.0,15.4362
33,Leeds United,42.0645,31.0,54.0,11.9741
33,Liverpool,52.5445,38.0,67.0,7.2662
33,Manchester City,62.885,49.0,76.0,3.6055
33,Manchester Utd,49.9088,33.0,67.0,8.5303
33,Newcastle Utd,44.8904,28.0,62.0,10.6284
33,Nott'ham Forest,44.547,31.0,58.0,10.7697
33,Sunderland,38.8272,28.0,50.0,13.4826
33,Tottenham,44.0609,30.0,58.0,11.0205
34,Arsenal,66.7558,56.0,78.0,2.8231
34,Aston Villa,48.9781,37.0,61.0,9.3137
34,Bournemouth,49.1582,35.0,64.0,9.3417
34,Brentford,47.0897,33.0,61.0,10.2256
34,Brighton,47.0233,35.0,59.0,10.2237
34,Chelsea,52.4049,38.0,67.0,7.8985
34,Coventry City,34.8105,19.0,52.0,15.1208
34,Crystal Palace,42.1632,29.0,56.0,12.4156
34,Everton,44.5749,33.0,57.0,11.3593
34,Fulham,39.9188,24.0,56.0,13.2105
34,Hull City,32.9541,15.0,53.0,15.3838
34,Ipswich Town,33.7966,18.0,51.0,15.3684
34,Leeds United,43.5889,32.0,56.0,11.858
34,Liverpool,54.1221,40.0,68.0,7.2531
34,Manchester City,64.9706,51.0,78.0,3.5493
34,Manchester Utd,51.6015,34.0,69.0,8.4531
34,Newcastle Utd,46.2805,29.0,64.0,10.6269
34,Nott'ham Forest,45.7193,32.0,60.0,10.8268
34,Sunderland,40.1603,29.0,52.0,13.4195
34,Tottenham,44.6689,31.0,59.0,11.3286
35,Arsenal,68.6552,57.0,80.0,2.8132
35,Aston Villa,50.2381,38.0,63.0,9.3862
35,Bournemouth,50.6229,36.0,65.0,9.3286
35,Brentford,48.575,34.0,63.0,10.1819
35,Brighton,48.7218,37.0,61.0,10.097
35,Chelsea,53.8397,39.0,69.0,7.9432
35,Coventry City,35.7136,20.0,53.0,15.17
35,Crystal Palace,43.2799,30.0,58.0,12.4747
35,Everton,46.3888,34.0,59.0,11.1447
35,Fulham,41.6297,25.0,59.0,13.0273
35,Hull City,33.8656,15.0,54.0,15.4163
35,Ipswich Town,34.8157,18.0,53.0,15.3875
35,Leeds United,44.4188,33.0,57.0,12.0672
35,Liverpool,54.981,40.0,70.0,7.5048
35,Manchester City,66.8879,53.0,81.0,3.5339
35,Manchester Utd,52.8799,35.0,71.0,8.5446
35,Newcastle Utd,48.1394,31.0,66.0,10.43
35,Nott'ham Forest,47.3328,33.0,62.0,10.7113
35,Sunderland,41.1832,30.0,53.0,13.5024
35,Tottenham,45.9837,32.0,60.0,11.3352
36,Arsenal,70.7587,59.0,82.0,2.7745
36,Aston Villa,51.8261,39.0,65.0,9.2904
36,Bournemouth,52.0802,37.0,67.0,9.3088
36,Brentford,49.6165,35.0,65.0,10.3215
36,Brighton,50.0553,38.0,62.0,10.1112
36,Chelsea,55.5601,40.0,71.0,7.8798
36,Coventry City,36.9423,20.0,55.0,15.108
36,Crystal Palace,44.6653,31.0,60.0,12.412
36,Everton,47.4012,35.0,60.0,11.2713
36,Fulham,43.0914,26.0,60.0,12.9344
36,Hull City,35.1329,16.0,56.0,15.3296
36,Ipswich Town,35.5053,18.0,54.0,15.5005
36,Leeds United,45.4087,33.0,58.0,12.1795
36,Liverpool,56.7083,41.0,72.0,7.4387
36,Manchester City,68.9791,54.0,83.0,3.4793
36,Manchester Utd,54.6453,36.0,73.0,8.4387
36,Newcastle Utd,49.3053,32.0,68.0,10.513
36,Nott'ham Forest,47.9924,33.0,63.0,11.0007
36,Sunderland,42.4449,31.0,55.0,13.4628
36,Tottenham,47.4953,33.0,62.0,11.2453
37,Arsenal,72.5767,61.0,84.0,2.7887
37,Aston Villa,52.5835,40.0,66.0,9.5857
37,Bournemouth,53.5273,38.0,69.0,9.3011
37,Brentford,51.5456,36.0,67.0,10.1081
37,Brighton,51.4064,39.0,64.0,10.116
37,Chelsea,56.8584,41.90000000000009,73.0,7.9505
37,Coventry City,38.0011,21.0,56.0,15.1091
37,Crystal Palace,45.7563,31.0,61.0,12.4951
37,Everton,48.2976,36.0,61.0,11.4533
37,Fulham,44.7631,28.0,62.0,12.7779
37,Hull City,35.9739,16.0,57.0,15.3759
37,Ipswich Town,36.3816,19.0,55.0,15.5548
37,Leeds United,46.9932,35.0,60.0,12.0502
37,Liverpool,58.1053,42.0,74.0,7.5038
37,Manchester City,71.0028,56.0,86.0,3.4396
37,Manchester Utd,56.0666,37.0,75.0,8.4661
37,Newcastle Utd,50.9591,33.0,70.0,10.4077
37,Nott'ham Forest,49.8686,35.0,65.0,10.7711
37,Sunderland,43.5731,32.0,56.0,13.4993
37,Tottenham,48.8329,34.0,64.0,11.246
38,Arsenal,74.6392,62.0,87.0,2.7651
38,Aston Villa,54.2327,41.0,68.0,9.4867
38,Bournemouth,54.6294,39.0,70.0,9.4259
38,Brentford,52.6229,37.0,68.0,10.222
38,Brighton,52.1021,39.0,65.0,10.3957
38,Chelsea,58.536,43.0,74.0,7.8838
38,Coventry City,39.1901,22.0,58.0,15.0694
38,Crystal Palace,47.2346,32.0,63.0,12.3863
38,Everton,49.8315,37.0,63.0,11.3674
38,Fulham,45.7158,28.0,64.0,12.8617
38,Hull City,37.0768,17.0,59.0,15.3334
38,Ipswich Town,37.5531,20.0,57.0,15.4928
38,Leeds United,48.2387,36.0,61.0,12.072
38,Liverpool,59.766,44.0,76.0,7.4528
38,Manchester City,72.9107,57.0,88.0,3.4285
38,Manchester Utd,57.889,39.0,77.0,8.3612
38,Newcastle Utd,52.605,34.0,72.0,10.2987
38,Nott'ham Forest,51.3966,36.0,67.0,10.7125
38,Sunderland,44.4031,32.0,57.0,13.6537
38,Tottenham,49.9325,35.0,65.0,11.3304
